Schema_AT_ID,Table_Name,Table_ID,Field_ID,Field_Name,Field_Type,Is_Linked_Field,Linked_Table_ID,Linked_Table
recKlwuKAAcHwC58c,Users,tbl7Z5w12sAh3lx2A,fld7Vgze7rnm5moWC,email,email,,,
recIHzahGwVTs65Ea,Users,tbl7Z5w12sAh3lx2A,flduD9NcufsafXYPb,Name,singleLineText,,,
recxtfJor8Jc30KcV,Users,tbl7Z5w12sAh3lx2A,flda7jwTTxUAPFEzT,Type,singleSelect,,,
recOmj94viqQdMAKA,Users,tbl7Z5w12sAh3lx2A,fldBwDLxaTsGxr0En,Magic_Link,url,,,
recoV9ElqVEb5zDUp,Users,tbl7Z5w12sAh3lx2A,fldfjZgUd3wV14sS0,Created_Softr_Account,dateTime,,,
recWwFonXS8tz4cNI,Users,tbl7Z5w12sAh3lx2A,fldXdt5tEu7mNZVlT,Message_Reviews,multipleRecordLinks,checked,tblVYqPsI2vLZqwez,Message_Reviews
recyN7E2PsnbxqM7q,Users,tbl7Z5w12sAh3lx2A,fldxvn3hrZlZBFmL4,Prompt_Change_Requests,multipleRecordLinks,checked,tblalr4AqofO1cpZQ,Prompt_Change_Requests
rectl9E8QfdwUgVS0,Users,tbl7Z5w12sAh3lx2A,fldYVgA3TLGtLtTxF,Prompt_Change_Requests copy,multipleRecordLinks,checked,tblBLkBmSaAib0WLr,Content_Change_Requests
recZSwNaiNx3drvUS,Users,tbl7Z5w12sAh3lx2A,fldrphjJFN6hUvjuO,Last_Name,singleLineText,,,
recWn520aCCt6SgrH,Users,tbl7Z5w12sAh3lx2A,fldZkFdN9TfJH0q7K,Last_Seen_Softr,dateTime,,,
recfSpjJX1dje3mSn,Users,tbl7Z5w12sAh3lx2A,fldYCaUvUvUXNRmyn,Chatbot_Access,multipleRecordLinks,checked,tblALOX2TYrzWPVKe,Chatbase_Chatbots
recEuVPfYUs7qu5XQ,Users,tbl7Z5w12sAh3lx2A,fld03EazOV0jn0V9b,Chatbase_Chatbot_AT_ID (from Chatbot_Access),multipleLookupValues,,,
recnHt3KUQH8sgfOz,Users,tbl7Z5w12sAh3lx2A,fldXYkkAjjA3H0L1L,Sync_Jobs,multipleRecordLinks,checked,tbllNdfrQq45ZcHSF,Sync_Jobs
rec0PI1sT3bayLgjW,Chatbase_Chatbots,tblALOX2TYrzWPVKe,fldC7EGyVWxYSAeju,Chatbase_Chatbot_AT_ID,formula,,,
recr4s9KGOPcmd9ZL,Chatbase_Chatbots,tblALOX2TYrzWPVKe,fldWTBa4hkoFYGOdf,Chatbase_Chatbot_ID,singleLineText,,,
rec0HwmNhQzGeF9Yo,Chatbase_Chatbots,tblALOX2TYrzWPVKe,fld1VuNAy5IJpkrUW,Chatbot_Name,singleLineText,,,
reclkEN1Ee7HJR00R,Chatbase_Chatbots,tblALOX2TYrzWPVKe,fldNR8ACKeCnz9FxK,Chatbots user id,singleLineText,,,
rec01w3RG2RFEHUqR,Chatbase_Chatbots,tblALOX2TYrzWPVKe,fldQ3b0kx0gIjtkNL,Chatbots visibility,singleLineText,,,
recMnk3ztvmlyYTSh,Chatbase_Chatbots,tblALOX2TYrzWPVKe,fldkEtihvTz4ulFG5,Chatbots created at,dateTime,,,
recWHugwYUSOLDzvR,Chatbase_Chatbots,tblALOX2TYrzWPVKe,fldIjKqEXeaq7dUGx,Chatbots thumbnail url,multipleAttachments,,,
recmBqybTRlIjQUz2,Chatbase_Chatbots,tblALOX2TYrzWPVKe,fldsThvBtCBid7Ijo,Chatbots is featured,checkbox,,,
recfoxjcY8eFG67BI,Chatbase_Chatbots,tblALOX2TYrzWPVKe,fldsbpYB3bslpYbsW,Chatbots domains,url,,,
recPzNaNa0VuCBZFy,Chatbase_Chatbots,tblALOX2TYrzWPVKe,fldvlYNsjF9tlLqfl,Chatbots instructions,multilineText,,,
recDJPkcIAv9B3swX,Chatbase_Chatbots,tblALOX2TYrzWPVKe,fldWxyciiP5J0BEu2,Chatbots index name,number,,,
recJblwjTpYubBRzw,Chatbase_Chatbots,tblALOX2TYrzWPVKe,fldz58DxKMDQb21Zk,Chatbots ip limit,number,,,
recu2TdCJfE4botPC,Chatbase_Chatbots,tblALOX2TYrzWPVKe,fldt7KkqPVli4otuL,Chatbots ip limit timeframe,number,,,
recP5r2iyvWbQ3TrZ,Chatbase_Chatbots,tblALOX2TYrzWPVKe,fldyfbNF4wt8qMyY2,Chatbots ip limit message,singleLineText,,,
rectezuLyw2oTkScY,Chatbase_Chatbots,tblALOX2TYrzWPVKe,fldInsAZSzryWUw5F,Chatbots suggested messages,multilineText,,,
recHLKbKJ7oAcm457,Chatbase_Chatbots,tblALOX2TYrzWPVKe,fld91nifRCMdmbJL6,Chatbots initial messages,singleLineText,,,
rec5WYAmduyju6dsB,Chatbase_Chatbots,tblALOX2TYrzWPVKe,fldIRCfSHX6AoAcps,Chatbots user message color,singleLineText,,,
recYK3Z9RkMakm06Z,Chatbase_Chatbots,tblALOX2TYrzWPVKe,fldnvL82roX314um3,Chatbots styles theme,singleLineText,,,
recgtvSwoqX4KWXdZ,Chatbase_Chatbots,tblALOX2TYrzWPVKe,fldOO9wj0jbJR2bb6,Chatbots styles chat icon,singleLineText,,,
recDajyetZBwuqTKU,Chatbase_Chatbots,tblALOX2TYrzWPVKe,fldw7tzYAZQTIcQy8,Chatbots styles button color,singleLineText,,,
recptaTcedCo90iGA,Chatbase_Chatbots,tblALOX2TYrzWPVKe,fldfdQGRdqgvaJLPB,Chatbots styles display name,singleLineText,,,
recoWccfmLWecWhj5,Chatbase_Chatbots,tblALOX2TYrzWPVKe,fldm4bnbKdDiEBtEd,Chatbots styles align chat button,singleLineText,,,
rechrHKWfhZKKPbxV,Chatbase_Chatbots,tblALOX2TYrzWPVKe,fldHTHTq2EBJUZtYD,Chatbots styles user message color,singleLineText,,,
recdc8rsZGPfffBon,Chatbase_Chatbots,tblALOX2TYrzWPVKe,fldB6fdLV2AjW71pB,Chatbots styles auto open chat window after,number,,,
recyMi9s54Ef1XZzn,Chatbase_Chatbots,tblALOX2TYrzWPVKe,fld5wZSltm8zQZM44,Chatbots model,singleLineText,,,
recYjEiwV7fjUciCn,Chatbase_Chatbots,tblALOX2TYrzWPVKe,fldfYd8HOrNhr0i8F,Chatbots last message at,dateTime,,,
recMxIphwtrWiEKC7,Chatbase_Chatbots,tblALOX2TYrzWPVKe,flduwDpmquJKYZPN9,Chatbots num of characters,number,,,
recAJ3tqxOdgmWcte,Chatbase_Chatbots,tblALOX2TYrzWPVKe,fld0nZKb08iZjF75u,Chatbots last trained at,dateTime,,,
recABkDueI6k9QNdJ,Chatbase_Chatbots,tblALOX2TYrzWPVKe,fldKGzeQMh1mWbYCZ,Chatbots status,singleLineText,,,
reclGlcxT3EKYqwan,Chatbase_Chatbots,tblALOX2TYrzWPVKe,fldR3t2ORsZdFB2Kr,Chatbots temp,number,,,
recOHzYxCaHSaAqwl,Chatbase_Chatbots,tblALOX2TYrzWPVKe,fldcNu2z6sJtDLzX9,Chatbots collect customer info,singleLineText,,,
recZWI8ribeM4xckG,Chatbase_Chatbots,tblALOX2TYrzWPVKe,fldIruYCnn4hPsjDF,Chatbots collect customer information name label,singleLineText,,,
recjIkZSSjAOvYeWP,Chatbase_Chatbots,tblALOX2TYrzWPVKe,fldUG6gpHAT5L8D8Q,Chatbots collect customer information name active,checkbox,,,
recU229Zj30wPt8hZ,Chatbase_Chatbots,tblALOX2TYrzWPVKe,flddxtj0rzCixjFoI,Chatbots collect customer information email label,singleLineText,,,
rec4w21IXgkZw748A,Chatbase_Chatbots,tblALOX2TYrzWPVKe,fldbZp7aApYA0SiAE,Chatbots collect customer information email active,checkbox,,,
recUXbr09ZNEgJ20X,Chatbase_Chatbots,tblALOX2TYrzWPVKe,fld71YxBgU9Ok93ZV,Chatbots collect customer information phone label,singleLineText,,,
recONWk4eQGzWlhkl,Chatbase_Chatbots,tblALOX2TYrzWPVKe,fldDHUMN7gPaz6e9b,Chatbots collect customer information phone active,checkbox,,,
recyIk32IhNMjNxmi,Chatbase_Chatbots,tblALOX2TYrzWPVKe,fldaD3xbc6sYzwjqt,Chatbots collect customer information title,singleLineText,,,
recscGkh15Xuy7GUL,Chatbase_Chatbots,tblALOX2TYrzWPVKe,fldRbKb7C871AIEVx,Chatbots only allow on added domains,checkbox,,,
recVV3X2EHgtryDM7,Chatbase_Chatbots,tblALOX2TYrzWPVKe,fldyL7DPZTF96Ia49,Chatbots notifications settings,singleLineText,,,
rec11Tod5fW1XPfij,Chatbase_Chatbots,tblALOX2TYrzWPVKe,fldSAtzCdDAK6eH43,Chatbots retraining interval,singleLineText,,,
recuVncgiWPfJec6g,Chatbase_Chatbots,tblALOX2TYrzWPVKe,fldLQVivlS0kKfOtO,Chatbots custom domains,singleLineText,,,
rec9tFeODFgLkFJko,Chatbase_Chatbots,tblALOX2TYrzWPVKe,fldgVz6ezbwXP9YoT,Chatbots styles profile picture file,singleLineText,,,
recPiGHZa0h3pT84a,Chatbase_Chatbots,tblALOX2TYrzWPVKe,fldTigENdCtwZ0Zvr,Chatbase_Users_Table,singleLineText,,,
recSr7E6JMF5hv1zM,Chatbase_Chatbots,tblALOX2TYrzWPVKe,fldUdLFkkkeNyZJVq,Chatbase_Conversations,multipleRecordLinks,checked,tblV1K2KQUrI8PAmt,Chatbase_Conversations
recRAMiCCc1VYxE3s,Chatbase_Chatbots,tblALOX2TYrzWPVKe,fldcKgzqnozsJLhLj,Sync_Jobs,multipleRecordLinks,checked,tbllNdfrQq45ZcHSF,Sync_Jobs
recLdQpfbNZelcjw0,Chatbase_Chatbots,tblALOX2TYrzWPVKe,fldXaVUvcRbbSwLD2,Prompt_Change_Requests,multipleRecordLinks,checked,tblalr4AqofO1cpZQ,Prompt_Change_Requests
recovEUoZacNheOmC,Chatbase_Chatbots,tblALOX2TYrzWPVKe,fldVggOsq6PBeV1zE,Client_Users,multipleRecordLinks,checked,tbl7Z5w12sAh3lx2A,Users
rec2Wj2tOFt8x8659,Chatbase_Conversations,tblV1K2KQUrI8PAmt,fldVebqQYh6FoENLb,Conversation_ID,singleLineText,,,
recduHghLZRqaH4Vy,Chatbase_Conversations,tblV1K2KQUrI8PAmt,fldo9EWot0Q6FB0Cu,Chatbot_Link,multipleRecordLinks,checked,tblALOX2TYrzWPVKe,Chatbase_Chatbots
recxfGQcMHhfuPnuL,Chatbase_Conversations,tblV1K2KQUrI8PAmt,fldhwtbkWO3KAIBsz,Started_At,dateTime,,,
recRA1GCNMXYagy7b,Chatbase_Conversations,tblV1K2KQUrI8PAmt,fldp4C7dsE4V0WWzN,Conversation_AT_ID,formula,,,
recyem79AwY1j6iNI,Chatbase_Conversations,tblV1K2KQUrI8PAmt,fldQJbyiiclYqj4XO,User_ID,singleLineText,,,
recHMvS8MnMZGRwFM,Chatbase_Conversations,tblV1K2KQUrI8PAmt,fldS4zC7lMR3Pse3i,Chatbase_Users_Table,singleLineText,,,
reckcTQWNSqtQgtOG,Chatbase_Conversations,tblV1K2KQUrI8PAmt,fldU2q30ArnHIsTtO,Last_Message_At,dateTime,,,
rec0x2FqOtBSrhBmW,Chatbase_Conversations,tblV1K2KQUrI8PAmt,fldllaIZ2rqQUPlj3,External_Conversation_ID,singleLineText,,,
recvhm5SNxyKiEZOj,Chatbase_Conversations,tblV1K2KQUrI8PAmt,fldcP86hwWQozKifI,Title,singleLineText,,,
recdvKcivq6nJSLuH,Chatbase_Conversations,tblV1K2KQUrI8PAmt,fldAjWgx5KpeTmng7,Topics_Raw,singleLineText,,,
rec94DJ7El0Y8lbLH,Chatbase_Conversations,tblV1K2KQUrI8PAmt,fldSdJAEOXMLc08xV,Primary_Topic,singleLineText,,,
recP85aCYnDIH1TDk,Chatbase_Conversations,tblV1K2KQUrI8PAmt,fldBhCldsHGsh7WaZ,Message_Count,number,,,
recPHQ9igeyfrK9Ka,Chatbase_Conversations,tblV1K2KQUrI8PAmt,fldMYz19HRE6Q0y9a,Has_Negative_Feedback,checkbox,,,
recJYnlBDZmy98H6A,Chatbase_Conversations,tblV1K2KQUrI8PAmt,fld9giAIIPXNaL4ET,Chatbase_Messages,multipleRecordLinks,checked,tblAMrcshFzNUYx5g,Chatbase_Messages
recfGr7stB9vIY9AD,Chatbase_Conversations,tblV1K2KQUrI8PAmt,fldQ61I9G9rJd52Aa,Prompt_Change_Requests,singleLineText,,,
rec817lb0W4stdyBU,Chatbase_Conversations,tblV1K2KQUrI8PAmt,fldhwUfV8VMdnTzmL,Prompt_Change_Requests copy,singleLineText,,,
recb0V44Gujcg6smS,Chatbase_Conversations,tblV1K2KQUrI8PAmt,fldUnqYHzYJg6VcVW,Chatbase_User_Link,multipleRecordLinks,checked,tblL7n2Kh6tK4mq6l,Chatbase_Users_Table
recKR8M50zAgPrT7u,Chatbase_Conversations,tblV1K2KQUrI8PAmt,fldwHHSqW5Ddu156f,Message_Total,rollup,,,
rectHxgWibsr8FmxR,Chatbase_Conversations,tblV1K2KQUrI8PAmt,fldI6SjKsqVWOJlvW,User_Messages,rollup,,,
rec311u1TDDHzbft4,Chatbase_Conversations,tblV1K2KQUrI8PAmt,fldNkINYDWa9kcfwG,Conversation_Summary,rollup,,,
recAAI3eg34nMGHn1,Chatbase_Messages,tblAMrcshFzNUYx5g,fldOHY3005e5wuelg,Message_ID,singleLineText,,,
recHiLcockq1dliBU,Chatbase_Messages,tblAMrcshFzNUYx5g,fld5kFxksMHnLeWP1,Message_Content,multilineText,,,
recYmqbZI4wj4fbuT,Chatbase_Messages,tblAMrcshFzNUYx5g,fld5Occ6U9WqXxGUW,Role,singleSelect,,,
rec6gMHy0wAQLMG6d,Chatbase_Messages,tblAMrcshFzNUYx5g,fldktqzEXiZ5GH19e,Conversation_Link,multipleRecordLinks,checked,tblV1K2KQUrI8PAmt,Chatbase_Conversations
recYkNGeSrhgMKi3F,Chatbase_Messages,tblAMrcshFzNUYx5g,fld2CaYcxky6ZxMMN,Chatbot_Link (from Conversation_Link),multipleLookupValues,,,
recgp9Uq24OsoxbJv,Chatbase_Messages,tblAMrcshFzNUYx5g,fldKwf5aLmwcLfXYh,Created_At,dateTime,,,
recOCCz348logiuEL,Chatbase_Messages,tblAMrcshFzNUYx5g,fldAYMrL5nX2abu7g,Parts_JSON,multilineText,,,
reccxVxtaDuxDtAX0,Chatbase_Messages,tblAMrcshFzNUYx5g,fldQK1Bvwtt8QZwMv,Feedback_Chatbase,singleLineText,,,
recihvnB54eGYuyJ8,Chatbase_Messages,tblAMrcshFzNUYx5g,fldMeJ823YGgFA1WK,Metadata_Score,singleLineText,,,
recCbZwm62EcAFMPn,Chatbase_Messages,tblAMrcshFzNUYx5g,fldbMML798BbRV3M9,Message_Sequence,number,,,
recdx45G8MUU42F8P,Chatbase_Messages,tblAMrcshFzNUYx5g,fldohy5SURfdAobDu,Contains_URL,checkbox,,,
recEn9zP02SJNxP3B,Chatbase_Messages,tblAMrcshFzNUYx5g,fldZfT86NGW7PTOg9,Visible_URL,url,,,
recCvblgbjnvhvWLi,Chatbase_Messages,tblAMrcshFzNUYx5g,fld4LetPjPO4o7nb6,Needs_Review,checkbox,,,
reccR1caIDyzZxyrL,Chatbase_Messages,tblAMrcshFzNUYx5g,fldLntfa9QEyHnZFB,Message_Reviews,multipleRecordLinks,checked,tblVYqPsI2vLZqwez,Message_Reviews
recifFvneTNgUEBI9,Chatbase_Messages,tblAMrcshFzNUYx5g,fldzgPgWl9vBgWjR5,Content_Change_Requests,multipleRecordLinks,checked,tblBLkBmSaAib0WLr,Content_Change_Requests
recE8beF2Nwkj40Ew,Chatbase_Messages,tblAMrcshFzNUYx5g,fldgV4YXI2r2r7is0,Chatbase_Conversations,singleLineText,,,
reclVmLQnXanktU2p,Chatbase_Messages,tblAMrcshFzNUYx5g,fld27wKnwNvxDYUV3,Prompt_Change_Requests,multipleRecordLinks,checked,tblalr4AqofO1cpZQ,Prompt_Change_Requests
rectoQa2Eg0sx3jV0,Chatbase_Messages,tblAMrcshFzNUYx5g,fld7Sjv16AGuan8Ec,Message_Concat,formula,,,
reckLjPNxBSmqnSj6,Chatbase_Users_Table,tblL7n2Kh6tK4mq6l,fldtCY4CHvoquGRuv,Chatbase_User_ID,singleLineText,,,
recWB72QPZn7YSsmy,Chatbase_Users_Table,tblL7n2Kh6tK4mq6l,fldN30cjZeNgoWWmu,Collected customers data id,number,,,
recg2eVriAvDQLERE,Chatbase_Users_Table,tblL7n2Kh6tK4mq6l,fldzF6F53IesT7WTr,Collected customers data created at,dateTime,,,
recU0RB2oE0FK868y,Chatbase_Users_Table,tblL7n2Kh6tK4mq6l,fldoYpq8yTUpy6qod,Collected customers data chatbot owner user id,singleLineText,,,
recPfcY7KeH4O0rMt,Chatbase_Users_Table,tblL7n2Kh6tK4mq6l,fldNvW3qXD9KIs3lO,Collected customers data phone,singleLineText,,,
recYpkbCvoEpjHQHb,Chatbase_Users_Table,tblL7n2Kh6tK4mq6l,fldjxsm1wPPxqeTL1,Collected customers data email,email,,,
recIm7s1XjUjjzUtY,Chatbase_Users_Table,tblL7n2Kh6tK4mq6l,fld84ggTvD77kVtDZ,Collected customers data name,singleLineText,,,
recsT6kKZLZlh3Z3l,Chatbase_Users_Table,tblL7n2Kh6tK4mq6l,fldNqu9eWxLypP3Dl,Chatbot ID,singleLineText,,,
recWWvFFC1qAHQm6b,Chatbase_Users_Table,tblL7n2Kh6tK4mq6l,fldeK5fk4gRUBZ4Qn,Values_Chat_Data,singleLineText,,,
rec7aS5ua6BS3cw8a,Chatbase_Users_Table,tblL7n2Kh6tK4mq6l,fldv3ritWdrqgHCu3,Values_Chat copy,singleLineText,,,
recKWODmQ9ewzxDo1,Chatbase_Users_Table,tblL7n2Kh6tK4mq6l,fldFn4IMP2k9GAlGA,Chatbase_Conversations,multipleRecordLinks,checked,tblV1K2KQUrI8PAmt,Chatbase_Conversations
recnNMMMo9bWcS0PX,Message_Reviews,tblVYqPsI2vLZqwez,fldOc6013oKkG0MjD,Review_ID,formula,,,
recp1mSxPpsIkuGID,Message_Reviews,tblVYqPsI2vLZqwez,fldOEg6v6GkrWFt0d,Message_Link,multipleRecordLinks,checked,tblAMrcshFzNUYx5g,Chatbase_Messages
recTmP2cvt02t7lRP,Message_Reviews,tblVYqPsI2vLZqwez,fldyS1FL9ZEcprWSI,Reviewer,multipleRecordLinks,checked,tbl7Z5w12sAh3lx2A,Users
rec5a9VBFeym4KHGw,Message_Reviews,tblVYqPsI2vLZqwez,fldEM27Ycy6tDmiLB,Internal_Rating,singleSelect,,,
rec5KA2MHmqB0qVh8,Message_Reviews,tblVYqPsI2vLZqwez,fldwugeFwPS2hS1b3,Send_To_Chatbase,checkbox,,,
recstl2lsuMlZqtjy,Message_Reviews,tblVYqPsI2vLZqwez,fldLUoUCyJpcbywwr,Conversation_Link (from Message_Link),multipleLookupValues,,,
recK0VIgcrvlBFDs0,Message_Reviews,tblVYqPsI2vLZqwez,fldhjYSKMIUQ5gD9v,Feedback_Sync_Status,singleLineText,,,
rec9ZuiWfV23o0dix,Message_Reviews,tblVYqPsI2vLZqwez,fldooKbca7SJgATz9,Feedback_Sync_At,dateTime,,,
recy9UeNJAiCVLZvG,Message_Reviews,tblVYqPsI2vLZqwez,fldbhaGPHW8EThSdU,Issue_Type,singleLineText,,,
recG7iHG1kg50U6G1,Message_Reviews,tblVYqPsI2vLZqwez,fldeXJYunA097DuYy,Internal_Notes,richText,,,
recmsSZ74CXHw0F1b,Message_Reviews,tblVYqPsI2vLZqwez,fldlBY8vSOpiNzHdU,Suggested_Response,multilineText,,,
recuEtJyC430i1arE,Message_Reviews,tblVYqPsI2vLZqwez,fldzNF2S5CF6hnmQh,Suggested_URL,url,,,
rect3MIjEMyT7XkEg,Message_Reviews,tblVYqPsI2vLZqwez,fldK3VAW5Hg5OjrD2,Needs_Prompt_Fix,checkbox,,,
recuk3GOxRpF8I0Pq,Message_Reviews,tblVYqPsI2vLZqwez,fldQxqhmuTxKsA7cN,Needs_Content_Fix,checkbox,,,
recesAeFQk0f1sjxi,Message_Reviews,tblVYqPsI2vLZqwez,fldtFRTK9dreKDUYP,Created_At,createdTime,,,
reciBcj3grOi9pHK0,Message_Reviews,tblVYqPsI2vLZqwez,fldA9egwM4HV4sj9e,Message_Content (from Message_Link),multipleLookupValues,,,
recz0qOHw3irMSJ9V,Message_Reviews,tblVYqPsI2vLZqwez,fld7LRPDirddsHZ6j,Message_Feedback_Concat,formula,,,
recBIogKevrAJkumT,Message_Reviews,tblVYqPsI2vLZqwez,fldggvEMZXlZlvzcD,Response_Snippet_to_Improve,multilineText,,,
recbttHiWHTjuZk2k,Prompt_Change_Requests,tblalr4AqofO1cpZQ,fldLOrfWjm2Qnfgm0,Prompt_Change_AT_ID,formula,,,
recK54QfrQtYS34kb,Prompt_Change_Requests,tblalr4AqofO1cpZQ,fldYNqpGmpHL5VDPa,Change_Title,singleLineText,,,
recosc90fNTCCrqmR,Prompt_Change_Requests,tblalr4AqofO1cpZQ,fldXRuWi9A5BJ1GzO,Problem_Observed,richText,,,
rec3oZOzVIfZtRjmA,Prompt_Change_Requests,tblalr4AqofO1cpZQ,fldnAwnZFK8NeTDb7,Change_Type,singleLineText,,,
recs6mVcvi4RrME3Y,Prompt_Change_Requests,tblalr4AqofO1cpZQ,fld7NFLk4LgeATvrt,Source_Message_Links,multipleRecordLinks,checked,tblAMrcshFzNUYx5g,Chatbase_Messages
recauYGfTVSL5qnsy,Prompt_Change_Requests,tblalr4AqofO1cpZQ,fldb5hhbRMdBbD39v,Chatbase_Messages (from Messages_Links),multipleLookupValues,,,
recIDBU3k4UHBpJut,Prompt_Change_Requests,tblalr4AqofO1cpZQ,fldqd6Js0itEqT6E5,Chatbot_Link,multipleRecordLinks,checked,tblALOX2TYrzWPVKe,Chatbase_Chatbots
rec0lwZintkq9TDPq,Prompt_Change_Requests,tblalr4AqofO1cpZQ,fldl0Vq0fdmEVHgYV,Proposed_Prompt_Text,multilineText,,,
rec13V4tz5iceVC5N,Prompt_Change_Requests,tblalr4AqofO1cpZQ,fld8znqDn07GQNZYM,Proposed_Source_Change,multilineText,,,
recAH63ZIgHZnsoKo,Prompt_Change_Requests,tblalr4AqofO1cpZQ,flddvaCnEWXzj4WNz,Requested_By,multipleRecordLinks,checked,tbl7Z5w12sAh3lx2A,Users
recL5A5aWYNY01UTq,Prompt_Change_Requests,tblalr4AqofO1cpZQ,fldqtnv8DOKuSlqDH,Change_Status,singleSelect,,,
recnmeDPG3v8VPBFP,Prompt_Change_Requests,tblalr4AqofO1cpZQ,fldgU7aO4Sldex8i7,Pushed_Datetime,dateTime,,,
recSBzhpBpniekGp1,Prompt_Change_Requests,tblalr4AqofO1cpZQ,fldjSHpIsqDSbD1Ad,Chatbase_Update_Result,singleLineText,,,
recfEGLMeTxP0P28t,Content_Change_Requests,tblBLkBmSaAib0WLr,fldcekMIL8nkx3N8B,Content_Change_AT_ID,formula,,,
recPiPqysCPHCjXnm,Content_Change_Requests,tblBLkBmSaAib0WLr,fldpdjWsOb2ffJaBL,Change_Title,singleLineText,,,
recptpzuRi58hB4su,Content_Change_Requests,tblBLkBmSaAib0WLr,fldohnt4Bmq5TPdlp,Problem_Observed,richText,,,
recyMFwiVVSqqiEM1,Content_Change_Requests,tblBLkBmSaAib0WLr,fldO0pUL7wthoHaXI,Change_Type,singleLineText,,,
recLA7xrjUYJQkk2h,Content_Change_Requests,tblBLkBmSaAib0WLr,fldydyi6wxBIKH2d4,Source_Message_Links,multipleRecordLinks,checked,tblAMrcshFzNUYx5g,Chatbase_Messages
recQ5nyf4iqON9Ihb,Content_Change_Requests,tblBLkBmSaAib0WLr,fldCvaOXjyy5lrAV6,Chatbase_Conversations (from Messages_Links),multipleLookupValues,,,
recTvAYyjyF7QYiQX,Content_Change_Requests,tblBLkBmSaAib0WLr,fldRDZges4O8AHDqG,Chatbot_Link (from Messages_Links),multipleLookupValues,,,
rec89iBRuYN4KVjgF,Content_Change_Requests,tblBLkBmSaAib0WLr,fldMqOXMHZH85vNKw,Revised_Public_URL,url,,,
recERQ5211TGQwO9G,Content_Change_Requests,tblBLkBmSaAib0WLr,fldzZgXpPMsa0BwKn,Suggested_Copy_Fix,multilineText,,,
recuTC6u38IBEYuYt,Content_Change_Requests,tblBLkBmSaAib0WLr,fldEV3996Ii3tStza,Requested_By,multipleRecordLinks,checked,tbl7Z5w12sAh3lx2A,Users
recI7eBQbaIFijl9u,Content_Change_Requests,tblBLkBmSaAib0WLr,fldRTg2U5A5Y29Xpi,Change_Status,singleSelect,,,
reci7iap3A5Ot8bs0,Content_Change_Requests,tblBLkBmSaAib0WLr,fldHk0HAwEGHolF4I,Pushed_Datetime,dateTime,,,
rec4fWF6E8IIB443r,Content_Change_Requests,tblBLkBmSaAib0WLr,fldKiAWuUcYmlrymO,Chatbase_Update_Result,singleLineText,,,
recrBgTpZQTza8Qtc,Content_Change_Requests,tblBLkBmSaAib0WLr,fldeUQkBdy5eAdqIY,Visible_URL (from Source_Message_Links),multipleLookupValues,,,
rec8rEiGiqy37l4AP,Sync_Jobs,tbllNdfrQq45ZcHSF,fldy0G1SZqGSsGxVn,Sync_Job_AT_ID,formula,,,
recAU9JWmUP82vVHy,Sync_Jobs,tbllNdfrQq45ZcHSF,fldXh04FBxCbzFc9e,Chatbot_Link,multipleRecordLinks,checked,tblALOX2TYrzWPVKe,Chatbase_Chatbots
recj0X2ultP14Yz9D,Sync_Jobs,tbllNdfrQq45ZcHSF,fldtchHhDA650Jlf9,Started_At,dateTime,,,
recoDDcfqo8g5ShmI,Sync_Jobs,tbllNdfrQq45ZcHSF,fldVW3RItT9zf9YDp,Completed_At,dateTime,,,
recqoDvNvKL7lZ7by,Sync_Jobs,tbllNdfrQq45ZcHSF,flduAENBuDspjMlg0,Cursor_Used,singleLineText,,,
reciuCcApTMhodYVM,Sync_Jobs,tbllNdfrQq45ZcHSF,fldapyb0pmhzXV08L,Records_Imported,singleLineText,,,
rec7C4CmxkyLeD8iK,Sync_Jobs,tbllNdfrQq45ZcHSF,fldAOQ3wblBM3gcPW,Records_Updated,singleLineText,,,
recSQAvLTIIQf59t2,Sync_Jobs,tbllNdfrQq45ZcHSF,fldinHsqC6B4Vtx8V,Error_Log,singleLineText,,,
recEEMM8cZyMKqMt3,Sync_Jobs,tbllNdfrQq45ZcHSF,fldOr7iZws1DfNeNp,Triggered_By,multipleRecordLinks,checked,tbl7Z5w12sAh3lx2A,Users
recjDUpGBB65uOC2S,Schema_Registry,tblDwhkXCKl6SbPGB,fldGKf6emwxeKgAFk,Schema_AT_ID,formula,,,
recV9nEjqQ80P1ZYZ,Schema_Registry,tblDwhkXCKl6SbPGB,fldq3BfBf9OLI5Quo,Table_Name,singleLineText,,,
recnU5ZDkrw8pyjWZ,Schema_Registry,tblDwhkXCKl6SbPGB,fldaS1k45Pp0YZVdQ,Table_ID,singleLineText,,,
rec9CEtTHVGIxLBok,Schema_Registry,tblDwhkXCKl6SbPGB,fldi8oA7c2vs1nuWg,Field_ID,singleLineText,,,
reclVOGQ3n7OBdCYX,Schema_Registry,tblDwhkXCKl6SbPGB,fldQJUIWvMT6CKlG3,Field_Name,singleLineText,,,
reclPiUwXqWmpZOfV,Schema_Registry,tblDwhkXCKl6SbPGB,fldsDkYuA8wPxh1mA,Field_Type,singleLineText,,,
recn9ezXi1jc7UbsC,Schema_Registry,tblDwhkXCKl6SbPGB,fldXDSw4qoJ7lLmYW,Is_Linked_Field,checkbox,,,
recAZ6v5NF6e8AZCG,Schema_Registry,tblDwhkXCKl6SbPGB,fldz4GbJlJYDI4CYO,Linked_Table_ID,singleLineText,,,
rectWcR2fs6iaFhJF,Schema_Registry,tblDwhkXCKl6SbPGB,fldRibo040MZtYlEF,Linked_Table,singleLineText,,,